{"cameraMode":{"drawMode":0,"name":"Shaded","section":"Shading Mode"},"sceneLighting":false,"audioPlay":false,"sceneViewState":{"m_AlwaysRefresh":false,"showFog":true,"showSkybox":false,"showFlares":true,"showImageEffects":true,"showParticleSystems":true,"showVisualEffectGraphs":true,"m_FxEnabled":true},"in2DMode":false,"pivot":{"x":-0.022790739312767984,"y":0.05239568278193474,"z":10.959044456481934},"rotation":{"x":0.13816450536251069,"y":-0.0638338178396225,"z":0.008930528536438942,"w":0.9883162975311279},"size":2.483288526535034,"orthographic":false}